intersect_bp,f_orig_query,f_match,f_unique_to_query,f_unique_weighted,average_abund,median_abund,std_abund,filename,name,md5,f_match_orig,unique_intersect_bp,gather_result_rank,remaining_bp,query_filename,query_name,query_md5,query_bp,ksize,moltype,scaled,query_n_hashes,query_abundance,query_containment_ani,match_containment_ani,average_containment_ani,max_containment_ani,potential_false_negative,n_unique_weighted_found,sum_weighted_found,total_weighted_hashes
3000,0.0009313877677739833,0.007177033492822967,0.0009313877677739833,0.0008479366873940079,1.0,1.0,0.0,/ceph/db/sourmash/genbank-2022.03-viral-k31.zip,"GCA_001857805.1 uncultured human fecal virus, ASM185780v1",6d148185545481a0af8705f33ddaae4d,0.007177033492822967,3000,0,3000,output_dir/fastp/P1WF_2.fq.gz,P1WF,e5b4f352,3221000,31,DNA,1000,3221,True,0.7984174442742461,0.852779858995352,0.8255986516347991,0.852779858995352,True,3,3,3538
1000,0.0003104625892579944,0.00558659217877095,0.0003104625892579944,0.0002826455624646693,1.0,1.0,0.0,/ceph/db/sourmash/genbank-2022.03-viral-k31.zip,"GCA_002956635.1 Campylobacter phage A11a, ASM295663v1",4d6e8acadae4735629d80bae0a69ee36,0.00558659217877095,1000,1,2000,output_dir/fastp/P1WF_2.fq.gz,P1WF,e5b4f352,3221000,31,DNA,1000,3221,True,0.7706177513771933,0.8459161599549893,0.8082669556660913,0.8459161599549893,True,1,4,3538
2000,0.0006209251785159888,0.004098360655737705,0.0003104625892579944,0.0002826455624646693,1.0,1.0,0.0,/ceph/db/sourmash/genbank-2022.03-viral-k31.zip,"GCA_001857825.1 uncultured human fecal virus, ASM185782v1",34484b9f9af03ab9bc48c34e2c55e8c8,0.00819672131147541,1000,2,1000,output_dir/fastp/P1WF_2.fq.gz,P1WF,e5b4f352,3221000,31,DNA,1000,3221,True,0.7880425250356531,0.856442222818663,0.822242373927158,0.856442222818663,True,1,5,3538
1000,0.0003104625892579944,0.022222222222222223,0.0003104625892579944,0.0002826455624646693,1.0,1.0,0.0,/ceph/db/sourmash/genbank-2022.03-viral-k31.zip,"GCA_002758635.1 Escherichia phage DE3, ASM275863v1",0b2da1ace25ce26f45a290a4bf80cbf6,0.022222222222222223,1000,3,0,output_dir/fastp/P1WF_2.fq.gz,P1WF,e5b4f352,3221000,31,DNA,1000,3221,True,,,,,True,1,6,3538
