intersect_bp,f_orig_query,f_match,f_unique_to_query,f_unique_weighted,average_abund,median_abund,std_abund,filename,name,md5,f_match_orig,unique_intersect_bp,gather_result_rank,remaining_bp,query_filename,query_name,query_md5,query_bp,ksize,moltype,scaled,query_n_hashes,query_abundance,query_containment_ani,match_containment_ani,average_containment_ani,max_containment_ani,potential_false_negative,n_unique_weighted_found,sum_weighted_found,total_weighted_hashes
2000,0.0003811701924909472,0.06250000000000078,0.0003811701924909472,0.00024204284158296018,1.0,1.0,0.0,/ceph/db/sourmash/genbank-2022.03-viral-k31.zip,"GCA_022516455.1 Staphylococcus phage ECel-2020c, ASM2251645v1",66aea475431a75ed6da230fbdd281abd,0.06250000000000078,2000,0,4000,output_dir/fastp/P4B1_2.fq.gz,P4B1,c3ae59fb,5247000,31,DNA,1000,5247,True,,,,,True,2,2,8263
1000,0.0001905850962454736,0.09091060093713954,0.0001905850962454736,0.00024204284158296018,2.0,2.0,0.0,/ceph/db/sourmash/genbank-2022.03-viral-k31.zip,"GCA_004319725.1 Vibrio virus CTXphi, ASM431972v1",e750318fb19ac839e762f12243fc297e,0.09091060093713954,1000,1,3000,output_dir/fastp/P4B1_2.fq.gz,P4B1,c3ae59fb,5247000,31,DNA,1000,5247,True,,,,,True,2,4,8263
1000,0.0001905850962454736,0.00015603058199407084,0.0001905850962454736,0.00012102142079148009,1.0,1.0,0.0,/ceph/db/sourmash/genbank-2022.03-viral-k31.zip,"GCA_002003125.1 uncultured marine virus, ASM200312v1",506eed10e7cf0e380b4c360e7b83ad19,0.00015603058199407084,1000,2,2000,output_dir/fastp/P4B1_2.fq.gz,P4B1,c3ae59fb,5247000,31,DNA,1000,5247,True,0.7585825861174601,0.7537031213118071,0.7561428537146335,0.7585825861174601,True,1,5,8263
1000,0.0001905850962454736,0.0023923444976076554,0.0001905850962454736,0.00024204284158296018,2.0,2.0,0.0,/ceph/db/sourmash/genbank-2022.03-viral-k31.zip,"GCA_001857805.1 uncultured human fecal virus, ASM185780v1",6d148185545481a0af8705f33ddaae4d,0.0023923444976076554,1000,3,1000,output_dir/fastp/P4B1_2.fq.gz,P4B1,c3ae59fb,5247000,31,DNA,1000,5247,True,0.7585825861174601,0.8230873486940369,0.7908349674057484,0.8230873486940369,True,2,7,8263
1000,0.0001905850962454736,0.015873015873015872,0.0001905850962454736,0.00012102142079148009,1.0,1.0,0.0,/ceph/db/sourmash/genbank-2022.03-viral-k31.zip,"GCA_002608155.1 Escherichia phage Rac-SA53, ASM260815v1",13c24962cb05c70592e7e7769b086b91,0.015873015873015872,1000,4,0,output_dir/fastp/P4B1_2.fq.gz,P4B1,c3ae59fb,5247000,31,DNA,1000,5247,True,,,,,True,1,8,8263
